Kanda,: Raudra,Adbhuta,Bhayanaka,Bibhatsa,Hasya,Karuna,Raudra,Shanta,Shantha,Shringara,"To classify the provided Shloka, we need to analyze the emotional tone and identify the dominant Rasa.

The Sanskrit text ""पपात पुनरेवार्ता सनिर्यासेव सल्लकी",Veera
- AI_Generated Text,0,1121,109,990,1047,472,69,1499,0,1062,0,131
Aranya Kanda,1,95,53,8,8,656,539,0,127,465,1,486
Ayodhya Kanda,0,77,43,5,17,1897,214,0,310,812,0,887
Bala Kanda,0,81,19,5,18,363,241,0,251,306,0,933
Kishkindha Kanda,0,113,55,1,9,600,279,0,110,493,0,784
Sundara Kanda,0,125,43,22,27,612,461,0,36,525,0,921
Uttara Kanda,0,7,2,0,2,33,15,0,14,23,0,76
Yuddha Kanda,0,135,137,7,29,833,1648,0,103,305,0,2495
